yaw_group;test;top;file_number;mat_file;yaw_target;yaw_actual_median;tsr_expected;tsr_median;tsr_std;pitot_velocity_median;u_blockage_corrected_median;ct_for_blockage_median;blockage_factor_median;rotor_thrust_drag_corrected_median;nacelle_drag_median;tower_drag_median;cp_median;cp_plus_std;cp_minus_std;cp_min;cp_max;ct_median;ct_plus_std;ct_minus_std;ct_min;ct_max
yaw_minus_30;1;1;5;Results_File_5_TOP_1.mat;-30;-28.799999237060547;8.2;9.96089165348824;0.8981151162195383;3.993789385884038;4.100457997419754;0.35094290072173207;1.0264321610901985;3.01628415989598;0.16624600992061508;0.3216256793473541;0.128292315216825;0.15897219625184372;0.09761243418180626;0.0327532236949059;0.17771330796208906;0.3331010086108442;0.5382723802236677;0.12792963699802062;0.0;0.5704423286460518
yaw_minus_30;4;5;5;Results_File_5_TOP_5.mat;-30;-29.492998123168945;8.5;10.05788758669016;0.8789405805413465;4.037927959114313;4.28995249361095;0.5573063814017185;1.0615417427346023;4.883392444786352;0.18196652229824886;0.28274441445583615;0.0773327765962031;0.09703922475380988;0.05762632843859633;0.026605583740967824;0.11618987600203755;0.47641831630978515;0.5967004262339826;0.3561362063855878;0.20383383718433837;0.5704431755978876
yaw_minus_30;7;8;5;Results_File_5_TOP_8.mat;-30;-29.825998306274414;8.8;10.508899887415254;0.5651272655382961;4.050202150678922;4.291385900898946;0.5504749498207622;1.0598637593587334;4.840991978633527;0.1820881299801972;0.2578502691389017;0.045104293354089914;0.05533371090525633;0.0348748758029235;0.01750866150930425;0.0769306455530153;0.49004659529678024;0.5914531540877903;0.3886400365057702;0.2729350786500889;0.57044352222798
yaw_minus_30;10;11;5;Results_File_5_TOP_11.mat;-30;-28.800579809373424;7.6;8.503324555242415;0.8690203981957146;4.584633029276325;4.801767114481143;0.49208163141089845;1.0473611508623206;5.539494175100199;0.22797576496501948;0.38786491826742875;0.21189942861643965;0.26418114922408814;0.15961770800879116;0.0647629450830326;0.2508006440914249;0.41404479461142474;0.5564288771923688;0.2716607120304807;0.1463794971363272;0.570443169884308
yaw_minus_30;13;14;5;Results_File_5_TOP_14.mat;-30;-29.78999900817871;7.9;8.864239768088048;0.5156427803937653;4.584482242984157;4.8856208054478865;0.5745885068818584;1.0660277834835434;6.478649278480692;0.23600761176327928;0.3320646163760741;0.17032535490878103;0.19868152784429494;0.14196918197326713;0.10312128100004031;0.20464908696678424;0.5056149266785552;0.6000478663689328;0.4111819869881776;0.29343435432096654;0.5704435121243491
yaw_minus_30;16;17;5;Results_File_5_TOP_17.mat;-30;-29.690998077392578;8.2;9.400811849935831;0.3597685596605783;4.584630758531632;4.8897112547262775;0.5772554560041958;1.0667527291683938;6.509750557452401;0.2364029671632678;0.3082518039266746;0.1445022179477326;0.1623574958321678;0.1266469400632974;0.09979088312225971;0.1776419658755066;0.5072715678248709;0.5783839534088719;0.43615918224086997;0.3606226846821637;0.570443469495743
yaw_minus_30;19;20;5;Results_File_5_TOP_20.mat;-30;-28.74599838256836;7;7.5741441791204815;0.6492840095318639;5.0475091273585955;5.3827550838445415;0.5749287368516824;1.0661197812341077;7.855953874930933;0.28648094085711584;0.4385264475871798;0.24305422189908893;0.29776698827409626;0.1883414555240816;0.11026249180457089;0.2898173583412221;0.4851502629682096;0.5947600212178961;0.37554050471852324;0.2398315296001829;0.5704435266323518
yaw_minus_30;22;23;5;Results_File_5_TOP_23.mat;-30;-29.60999870300293;7.3;7.9913562994062435;0.3384894679896619;5.054397374639908;5.383756927378759;0.5717009829371394;1.0652530567669833;7.840583243763776;0.28658759098842035;0.38050838290831507;0.22549725214557026;0.25333523160876337;0.19765927268237718;0.1615912460596197;0.262224631486702;0.5038060287046872;0.5829424625568242;0.4246695948525501;0.3347407853499742;0.5704435266173934
yaw_minus_30;25;26;5;Results_File_5_TOP_26.mat;-30;-29.51999855041504;7.6;8.40682227872722;0.25832687469933385;5.0571699142456055;5.399702462718137;0.5803277819467065;1.0675993029924415;7.973622348866709;0.2882877276789174;0.365753782428632;0.2097970291256434;0.2290745598252709;0.19051949842601593;0.1640421821983354;0.23862387959625814;0.5091629485275735;0.568981948345938;0.4493439487092091;0.3893947365890063;0.5704433078426265
yaw_minus_30;28;29;5;Results_File_5_TOP_29.mat;-30;-28.718997955322266;6.4;6.769604648155406;0.42050443060255194;5.561346083879471;5.886573624407113;0.5395696831584182;1.0572878774875836;8.905790837223593;0.3426191708854135;0.5074740947470462;0.2690311557060892;0.3152437436901338;0.2228185677220446;0.16075150246248232;0.31343019375220693;0.48268191361500035;0.6024482847338748;0.3629155424961259;0.23720782900539172;0.5704434297656701
yaw_0;2;2;5;Results_File_5_TOP_2.mat;0;1.1159999370574951;8.2;9.544151637914371;0.8710334321852088;4.006361961364746;4.279617284012743;0.5838571958419216;1.068587226101911;5.025049086486313;0.18109078875105725;0.25749120712229606;0.26720878414880717;0.3275389740575663;0.20687859424004804;0.08665636499003529;0.3142188267992246;0.4761710471753303;0.5525033793874864;0.39983871496317425;0.33217697622490405;0.5704434595050665
yaw_0;5;6;5;Results_File_5_TOP_6.mat;0;0.2879999876022339;8.5;9.69513199271381;0.8986340406981168;4.011704254114339;4.449886639767842;0.6915994250813023;1.1096272287242306;5.974475679644199;0.19578724249214752;0.23514620158064778;0.20814594789582477;0.2575957210036558;0.15869617478799375;0.07577321902938185;0.2589648445929395;0.5217980848196873;0.5660027878858738;0.47759338175350075;0.3872100796403195;0.570443523151019
yaw_0;8;9;5;Results_File_5_TOP_9.mat;0;0.2789999842643738;8.8;9.926476580197452;0.9318439526085738;4.013652948422298;4.542695443627325;0.7277669627494929;1.1306864317983676;6.306913122826291;0.2040392698875591;0.2291803566097056;0.1704084097537405;0.21207350122413984;0.12874331828334115;0.06292169075509514;0.22071057870483407;0.5381942298574666;0.583748033960022;0.49264042575491124;0.387214596644122;0.5704431516548382
yaw_0;11;12;5;Results_File_5_TOP_12.mat;0;1.0709999799728394;7.6;8.106798470908114;0.7737422163114994;4.544862399178166;5.037627173326884;0.6896971410355859;1.1086554836083473;7.638590925645266;0.2509218845027296;0.3048793801373587;0.300331790006518;0.3729757688493234;0.22768781116371262;0.11083641579465742;0.3656167003343197;0.5203687879033478;0.567055181160673;0.47368239464602274;0.387215460602863;0.5704424128707488
yaw_0;14;15;5;Results_File_5_TOP_15.mat;0;0.5489999651908875;7.9;8.217483065212665;0.7638121226432554;4.546705376717352;5.271208770307565;0.7638005235692641;1.1580811367761223;8.499036928738855;0.27473053391476265;0.3048647611353998;0.2491057863595429;0.30972200018008084;0.18848957253900495;0.10181520430531922;0.3144499981653303;0.549293892536262;0.5984950116394159;0.5000927734331082;0.3872086862396525;0.5704435262672751
yaw_0;17;18;5;Results_File_5_TOP_18.mat;0;0.3240000009536743;8.2;8.523616173549387;0.7873462522694785;4.544687680659758;5.392050114773938;0.7915908088939745;1.1856790388432703;8.783143512717743;0.28747119532907567;0.323944677933741;0.2159908995651957;0.2692924299252305;0.1626893692051609;0.09408258099416053;0.2777914000478326;0.560268262090399;0.6159160975291653;0.5046204266516328;0.3872247714973574;0.5704435256241283
yaw_0;20;21;5;Results_File_5_TOP_21.mat;0;1.125;7;7.283643807485053;0.7026814168421376;5.017898701131345;5.599470530235372;0.7024322773948888;1.1153978266231899;9.50719134705818;0.3100133679819157;0.3701220472408873;0.31888491862977053;0.3972541086935954;0.24051572856594566;0.11855511811357133;0.38366374183364366;0.5228855890513256;0.5691334262007666;0.47663775190188473;0.3872199388072086;0.5704434749161309
yaw_0;23;24;5;Results_File_5_TOP_24.mat;0;0.26999998092651367;7.3;7.264185218511566;0.7674566666243695;5.01688751578331;5.922674586290118;0.7868989274208524;1.180514591862431;10.634566573848128;0.34683445792225764;0.3893663247624395;0.26531053409134087;0.3396975471414711;0.19092352104121063;0.11816933047870151;0.3472818262680836;0.5470974808313798;0.605892233644088;0.48830272801867164;0.3872087255090719;0.5704435257907026
yaw_0;26;27;5;Results_File_5_TOP_27.mat;0;0.2789999842643738;7.6;7.530443418794057;0.6690610774207948;5.010761737823486;6.026614018600885;0.8060934030583912;1.2032225156993508;10.870886529515744;0.3591147554715748;0.4100652323503884;0.24326692120797794;0.3026922348350861;0.18384160758086973;0.12136161731966247;0.31536968659830195;0.5567926168100787;0.60977636182549;0.5038088717946675;0.39619298040517276;0.5704435086523086
yaw_0;29;30;5;Results_File_5_TOP_30.mat;0;1.0529999732971191;6.4;6.605331658713432;0.6474067552568473;5.524191151062647;6.0330168884180395;0.6508722448534371;1.0911368917038935;10.689881042005753;0.3598782308039552;0.4741407435373871;0.34995753167176946;0.4356676600626107;0.2642474032809282;0.11956934404108079;0.4180288035742304;0.4964303351969935;0.556821750781227;0.43603891961276003;0.386072837299549;0.5704435209688529
yaw_plus_30;3;3;5;Results_File_5_TOP_3.mat;30;30.761999130249023;8.2;9.560044706115818;1.0428530876972442;4.0436988106418035;4.272080599370872;0.5343444931881143;1.0560965950312133;4.685275700822895;0.18045353081696425;0.294504427551972;0.11355034319670206;0.1535080285251094;0.07359265786829472;0.02459907119329227;0.24030206582244143;0.4271282149809794;0.5452966900195899;0.30895973994236897;0.1995359306688502;0.570443357885712
yaw_plus_30;6;7;5;Results_File_5_TOP_7.mat;30;30.518999099731445;8.5;10.013164491551482;0.5150468334786125;4.037538051605225;4.307778043136704;0.5768249386087747;1.0666350848691477;5.063320451466669;0.18348185888906496;0.24996882178658522;0.09019236847284416;0.10504104584532449;0.07534369110036383;0.05220737952233853;0.11760023504887458;0.5070050658796532;0.5839514864376629;0.43005864532164345;0.34318803408185405;0.5704434988637331
yaw_plus_30;9;10;5;Results_File_5_TOP_10.mat;30;30.511087048438288;8.8;10.458123741786206;0.4443566182396464;4.045880732997771;4.312074025396557;0.5737561514995264;1.065803428204592;5.050241121426804;0.18384800133191176;0.24491946003178716;0.059366376906539536;0.06962070618735215;0.04911204762572692;0.030939001200190108;0.08678960995369318;0.5050950445999837;0.5753140927561777;0.43487599644378966;0.3643955577056656;0.5704427623099699
yaw_plus_30;12;13;5;Results_File_5_TOP_13.mat;30;30.46549725051849;7.6;8.292189020398979;0.5459096934087881;4.577320385724306;4.924086448225728;0.6107378432085699;1.076699358921536;6.858648707812576;0.23973852693797787;0.337552908359695;0.20204630198557422;0.23930151874467903;0.1647910852264694;0.11887369267613218;0.24171400573326143;0.5251400369413203;0.6057968918856586;0.444483181996982;0.3406981049233608;0.5704435151100739
yaw_plus_30;15;16;5;Results_File_5_TOP_16.mat;30;30.463855122366258;7.9;8.784503659295861;0.2768327619828803;4.579619281654876;4.932508898855067;0.6104978407539832;1.076621963500223;6.876610710940517;0.24055935460599692;0.29933977200350936;0.17792487612968977;0.19511203775706787;0.16073771450231167;0.13602584390535316;0.207875942624402;0.5266931377849924;0.5757959741932335;0.4775903013767513;0.43026456133952656;0.5704435266840512
yaw_plus_30;18;19;5;Results_File_5_TOP_19.mat;30;30.464998245239258;8.2;9.333657531881876;0.25113774791071275;4.579864895151507;4.92468753244472;0.6062679454852655;1.0752736450599238;6.8338874416882796;0.23979706051087696;0.2965134383561149;0.155617811550181;0.16925015943235341;0.1419854636680086;0.11585715440217201;0.18678856247369607;0.5243564276036964;0.5665399806015378;0.48217287460585506;0.43791994486225333;0.5704434645937271
yaw_plus_30;21;22;5;Results_File_5_TOP_22.mat;30;30.48299789428711;7;7.537649876592468;0.4230950874748239;5.045829349756241;5.409259979372219;0.5950562941683255;1.0718361536642473;8.13760110964284;0.2893091739212076;0.39975775085073467;0.24353197657461545;0.2822267901449507;0.20483716300428018;0.16172516057826275;0.2839181510939702;0.5179659400898533;0.5998178580603808;0.4361140221193258;0.34159242384370775;0.5704434444350909
yaw_plus_30;24;25;5;Results_File_5_TOP_25.mat;30;30.457264974713326;7.3;7.9223471599965265;0.2133149525884556;5.045838356018066;5.430409983408778;0.6092259771937351;1.0762135134307733;8.318691756525055;0.2915759725529082;0.3579747417122488;0.23081508068929102;0.2499490938241295;0.21168106755445254;0.18941729916140942;0.26157592836280263;0.5259948764507474;0.5712543709038483;0.4807353819976464;0.440476338897841;0.570403119980051
yaw_plus_30;27;28;5;Results_File_5_TOP_28.mat;30;30.419344344735144;7.6;8.349885731679723;0.17485035841438654;5.045838356018066;5.434840637907573;0.6124509547335134;1.0772544812363944;8.375741748995956;0.2920519584277612;0.35585808070312486;0.2169001563246548;0.23120119052785498;0.20259912212145464;0.18202284874143065;0.24281737964861347;0.5277578408555776;0.5611854951095776;0.4943301866015776;0.46718923287462977;0.5684646480072496
yaw_plus_30;30;31;5;Results_File_5_TOP_31.mat;30;30.48299789428711;6.4;6.75592635437207;0.4003916803465619;5.551671393215657;5.8979686212453375;0.5526692088040117;1.0603971270438786;9.166300473207123;0.34394691797928617;0.49564378514503105;0.26996489331224327;0.31448478311612366;0.22544500350836288;0.16665705149314688;0.3129194302069838;0.49150520758631594;0.5968244963328002;0.3861859188398316;0.2795606271719964;0.570443514565694
