test;yaw_target;yaw_actual_median;tsr_expected;cp_expected;ct_expected;tsr_actual_median;cp_actual_median;ct_actual_median;pitot_velocity_median;u_blockage_corrected_median;ct_for_blockage_median;blockage_factor_median;top;file_number;mat_file
1;-30;-28.799999237060547;8.2;0.2424417161663958;0.6174191787971431;9.83755048863536;0.13149593477040103;0.2989164662949719;3.993789385884038;4.102133688947573;0.6880503113387169;1.02726651100654;1;5;Results_File_5_TOP_1.mat
2;0;1.1159999370574951;8.2;0.3755534;0.8282760353597667;9.27298749554894;0.26020423996428316;0.4878714926865953;4.006361961364746;4.353015481609622;0.9679232483557876;1.0867365020081994;2;5;Results_File_5_TOP_2.mat
3;30;30.761999130249023;8.2;0.2454164611500326;0.624994874242507;9.467336434733141;0.11722712023953097;0.416723569180221;4.0436988106418035;4.261865524047706;0.6925184731912124;1.0536561676027727;3;5;Results_File_5_TOP_3.mat
4;-30;-29.492998123168945;8.5;0.2328195841105167;0.627342994099444;9.915731304594614;0.07885761546780572;0.42938297887228777;4.037927959114313;4.301011968517686;0.6728777195273417;1.0657777300946603;5;5;Results_File_5_TOP_5.mat
5;0;0.2879999876022339;8.5;0.3605702;0.8414067770959012;9.186540728667524;0.1889684212344353;0.5512736175075088;4.011704254114339;4.640885090819907;0.9717637681303731;1.1575689644330565;6;5;Results_File_5_TOP_6.mat
6;30;30.518999099731445;8.5;0.235574845460937;0.6347671715444079;9.520739726914346;0.08196300797502423;0.4877093197112212;4.037538051605225;4.478456362592484;0.6950713666869915;1.1088538269865351;7;5;Results_File_5_TOP_7.mat
7;-30;-29.825998306274414;8.8;0.2215101694598935;0.6320635886123881;10.056608765445601;0.04110289788391435;0.4573447082604003;4.050202150678922;4.433104315796513;0.6651212412830086;1.0945656113762692;8;5;Results_File_5_TOP_8.mat
8;0;0.2789999842643738;8.8;0.342986;0.8475671740630879;9.20530925477451;0.1446972862282593;0.5583857046104954;4.013652948422298;4.844174649195567;0.9660227334473841;1.2054573638281687;9;5;Results_File_5_TOP_9.mat
9;30;30.511087048438288;8.8;0.2240417142537208;0.639287172482244;9.949422422971992;0.05355917503537849;0.5047150985729529;4.045880732997771;4.481590601329849;0.6915786723406214;1.1070804800834675;10;5;Results_File_5_TOP_10.mat
10;-30;-28.800579809373424;7.6;0.2569838917494583;0.5892898752092429;8.400924396111987;0.21648898601674352;0.3945082199408589;4.584633029276325;4.803730705237627;0.7028658183415399;1.046710135813528;11;5;Results_File_5_TOP_11.mat
11;0;1.0709999799728394;7.6;0.3982728;0.7909232762190279;7.718117568767543;0.2744452609567882;0.5457929939867935;4.544862399178166;5.228532105397253;0.9673416707208158;1.1505377008042883;12;5;Results_File_5_TOP_12.mat
12;30;30.46549725051849;7.6;0.2603876519050803;0.5970950391192992;7.8893307618641;0.18596810672504682;0.4579086399036653;4.577320385724306;5.115748239024782;0.7337634256505977;1.1177849442448902;13;5;Results_File_5_TOP_13.mat
13;-30;-29.78999900817871;7.9;0.2507082883809472;0.603917710048243;8.438042881772668;0.15583612911250017;0.4571313227743108;4.584482242984157;5.072411808456761;0.6925258740679336;1.1071363459189192;14;5;Results_File_5_TOP_14.mat
14;0;0.5489999651908875;7.9;0.3884492000000001;0.8103524262218462;7.406522913404487;0.19320979760844617;0.5267826313133306;4.546705376717352;5.778474049522969;0.9790891195544797;1.2700755753432484;15;5;Results_File_5_TOP_15.mat
15;30;30.463855122366258;7.9;0.2539020245386662;0.6116109292845264;8.256828584285675;0.1572136691778652;0.534042165076692;4.579619281654876;5.183025330029401;0.73348892976851;1.1314288998092972;16;5;Results_File_5_TOP_16.mat
16;-30;-29.690998077392578;8.2;0.2424417161663958;0.6174191787971431;8.94191460182031;0.13136666178557282;0.5113223489484656;4.584630758531632;5.080406586494541;0.6955614584110792;1.1091059374572354;17;5;Results_File_5_TOP_17.mat
17;0;0.3240000009536743;8.2;0.3755534;0.8282760353597667;7.277647521684431;0.14228958331450964;0.46919105544466694;4.544687680659758;6.242724348193807;0.9860862026650757;1.3749762993393304;18;5;Results_File_5_TOP_18.mat
18;30;30.464998245239258;8.2;0.2454164611500326;0.624994874242507;8.789285135721972;0.1380035896176651;0.5467474034103488;4.579864895151507;5.168927776146715;0.7286528266034922;1.1282354615422245;19;5;Results_File_5_TOP_19.mat
19;-30;-28.74599838256836;7;0.2613071611331977;0.5662553961487662;7.45909929371191;0.246034265892715;0.4353710622761937;5.0475091273585955;5.403774143936996;0.6929130795079069;1.0705933939095058;20;5;Results_File_5_TOP_20.mat
20;0;1.125;7;0.405203;0.7604389013028994;6.925766165867851;0.2907162027824668;0.5485297366930907;5.017898701131345;5.820214984622101;0.9208477077953622;1.1605684747361873;21;5;Results_File_5_TOP_21.mat
21;30;30.48299789428711;7;0.2650669764013012;0.574402955805583;7.127156344633719;0.21746212127267311;0.46242765169184674;5.045829349756241;5.653735335757899;0.7158492310210364;1.1203058452342392;22;5;Results_File_5_TOP_22.mat
22;-30;-29.60999870300293;7.3;0.2614334429535168;0.5779554820989141;7.6103668006840355;0.2066374011776636;0.49895368300558884;5.054397374639908;5.587936715094433;0.689240322647733;1.1059152610647567;23;5;Results_File_5_TOP_23.mat
23;0;0.26999998092651367;7.3;0.405279;0.7759218426339445;6.587042265728779;0.20944127979944457;0.5175348914695028;5.01688751578331;6.4568321867350615;0.9424749140622002;1.287128512118894;24;5;Results_File_5_TOP_24.mat
24;30;30.457264974713326;7.3;0.2650394214770136;0.5859272818520027;7.457782548164421;0.2052593565397652;0.5406320375469071;5.045838356018066;5.701015593015054;0.7320344579581404;1.1304564911545136;25;5;Results_File_5_TOP_25.mat
25;-30;-29.51999855041504;7.6;0.2569838917494583;0.5892898752092429;7.982481130715897;0.19070069667376421;0.5319249910428121;5.0571699142456055;5.6199324612511194;0.6990596855484836;1.1109293768751036;26;5;Results_File_5_TOP_26.mat
26;0;0.2789999842643738;7.6;0.3982728;0.7909232762190279;6.364663652146865;0.15558117704044583;0.45207357126153164;5.010761737823486;7.047459105144997;0.9645223220139161;1.4070401340746;27;5;Results_File_5_TOP_27.mat
27;30;30.419344344735144;7.6;0.2603876519050803;0.5970950391192992;7.844841817858224;0.19056578696858378;0.5554386416196602;5.045838356018066;5.718408522295643;0.7357230406707553;1.1329436716609265;28;5;Results_File_5_TOP_28.mat
28;-30;-28.718997955322266;6.4;0.2523400498411734;0.5304042160859316;6.514993137784512;0.2537274937057763;0.41631897923200467;5.561346083879471;6.0454258531426825;0.6527502621350916;1.087681878418673;29;5;Results_File_5_TOP_29.mat
29;0;1.0529999732971191;6.4;0.391562;0.7127741696482859;6.391605198276247;0.33509225995763586;0.5119720060210571;5.524191151062647;6.164862791016278;0.863282394565932;1.1154341045656004;30;5;Results_File_5_TOP_30.mat
30;30;30.48299789428711;6.4;0.2563139088937902;0.5387570383864975;6.4624306734585275;0.25012010756063163;0.43006882984482675;5.551671393215657;6.0953253308708;0.6676120266031249;1.0948505110282754;31;5;Results_File_5_TOP_31.mat
