top;mat_file;file_found;Meas. Rotor azimuth [deg] Fourier DC;Meas. Rotor azimuth [deg] Mean;Meas. Rotor azimuth [deg] Median;Meas. Rotor speed [rpm] Fourier DC;Meas. Rotor speed [rpm] Mean;Meas. Rotor speed [rpm] Median;Meas. Generator torque [Nm] Fourier DC;Meas. Generator torque [Nm] Mean;Meas. Generator torque [Nm] Median;Meas. Aerodynamic torque [Nm] Fourier DC;Meas. Aerodynamic torque [Nm] Mean;Meas. Aerodynamic torque [Nm] Median;Meas. Tower fore-aft moment [Nm] Fourier DC;Meas. Tower fore-aft moment [Nm] Mean;Meas. Tower fore-aft moment [Nm] Median;Meas. Tower side-side moment [Nm] Fourier DC;Meas. Tower side-side moment [Nm] Mean;Meas. Tower side-side moment [Nm] Median;Meas. Shaft bending moment [Nm] Fourier DC;Meas. Shaft bending moment [Nm] Mean;Meas. Shaft bending moment [Nm] Median;Meas. Demanded pitch B1 [deg] Fourier DC;Meas. Demanded pitch B1 [deg] Mean;Meas. Demanded pitch B1 [deg] Median;Meas. Actual pitch B1 [deg] Fourier DC;Meas. Actual pitch B1 [deg] Mean;Meas. Actual pitch B1 [deg] Median;Meas. Demanded pitch B2 [deg] Fourier DC;Meas. Demanded pitch B2 [deg] Mean;Meas. Demanded pitch B2 [deg] Median;Meas. Actual pitch B2 [deg] Fourier DC;Meas. Actual pitch B2 [deg] Mean;Meas. Actual pitch B2 [deg] Median;Meas. Demanded pitch B3 [deg] Fourier DC;Meas. Demanded pitch B3 [deg] Mean;Meas. Demanded pitch B3 [deg] Median;Meas. Actual pitch B3 [deg] Fourier DC;Meas. Actual pitch B3 [deg] Mean;Meas. Actual pitch B3 [deg] Median;Meas. Demanded yaw [deg] Fourier DC;Meas. Demanded yaw [deg] Mean;Meas. Demanded yaw [deg] Median;Meas. Actual yaw [deg] Fourier DC;Meas. Actual yaw [deg] Mean;Meas. Actual yaw [deg] Median
1;Results_File_5_TOP_1.mat;True;179.8243428757093;179.8243428757093;179.79037282466797;709.0152663215665;709.0152663215664;708.9747580215276;0.6195465313767151;0.6195465313767151;0.6195814984442279;0.06569673287820478;0.06569673287820478;0.06574266300750303;-4.148842768504134;-4.148842768504134;-4.135772066731689;1.4441067054104655;1.4441067054104655;1.4343016599455216;0.9132006268229765;0.9132006268229765;0.9390903273700448;0.3993149995803833;0.3993149995803833;0.3993149995803833;0.4000000059604645;0.4000000059604645;0.4000000059604645;0.3991750180721283;0.3991750180721283;0.3991750180721283;0.4000000059604645;0.4000000059604645;0.4000000059604645;0.39368000626564026;0.39368000626564026;0.39368000626564026;0.4000000059604645;0.4000000059604645;0.4000000059604645;-30.0;-30.0;-30.0;-28.799999237060547;-28.799999237060547;-28.799999237060547
2;Results_File_5_TOP_2.mat;True;180.03973202800768;180.03973202800765;179.86708139578496;709.0590694711178;709.0590694711177;709.0690333289756;0.6195078818823634;0.6195078818823634;0.6194991210819103;0.15149561997156583;0.15149561997156583;0.15146319957038507;-5.916006805025521;-5.916006805025521;-5.8790960215752825;0.09399367262236737;0.09399367262236738;0.11983765733807852;1.6064984919658627;1.6064984919658627;1.6006201133747329;0.3993149995803833;0.3993149995803833;0.3993149995803833;0.4000000059604645;0.4000000059604645;0.4000000059604645;0.3991750180721283;0.3991750180721283;0.3991750180721283;0.4000000059604645;0.4000000059604645;0.4000000059604645;0.39368000626564026;0.39368000626564026;0.39368000626564026;0.4000000059604645;0.4000000059604645;0.4000000059604645;0.0;0.0;0.0;1.1179838266548279;1.117983826654828;1.1159999370574951
3;Results_File_5_TOP_3.mat;True;179.72086564586974;179.72086564586976;179.87028988202437;708.9762690469391;708.9762690469391;708.9149630154385;0.6195831893361924;0.6195831893361924;0.6196337584202832;0.07186487990365972;0.07186487990365972;0.07182790617385282;-4.386881627100791;-4.38688162710079;-4.289307437656847;-1.502764945271756;-1.502764945271756;-1.4636934091967562;1.7961488894522215;1.7961488894522215;1.7609137140063864;0.3993149995803833;0.3993149995803833;0.3993149995803833;0.4000000059604645;0.4000000059604645;0.4000000059604645;0.3991750180721283;0.3991750180721283;0.3991750180721283;0.4000000059604645;0.4000000059604645;0.4000000059604645;0.39368000626564026;0.39368000626564026;0.39368000626564026;0.4000000059604645;0.4000000059604645;0.4000000059604645;30.0;30.0;30.0;30.7673345088281;30.7673345088281;30.761999130249023
4;Results_File_5_TOP_4.mat;False;nan;nan;nan;nan;nan;nan;nan;nan;nan;nan;nan;nan;nan;nan;nan;nan;nan;nan;nan;nan;nan;nan;nan;nan;nan;nan;nan;nan;nan;nan;nan;nan;nan;nan;nan;nan;nan;nan;nan;nan;nan;nan;nan;nan;nan
5;Results_File_5_TOP_5.mat;True;180.08099467509197;180.08099467509197;180.11325688362137;749.025538624896;749.025538624896;749.0176762308135;0.586452222915223;0.586452222915223;0.5864583131657213;0.04281628802569298;0.04281628802569298;0.04275846811767963;-4.173479599959607;-4.173479599959608;-4.146267246815492;1.4760004448019746;1.4760004448019746;1.4885737422492782;1.3806766325613014;1.3806766325613016;1.3662673351131573;0.3993149995803833;0.3993149995803833;0.3993149995803833;0.4000000059604645;0.4000000059604645;0.4000000059604645;0.3991750180721283;0.3991750180721283;0.3991750180721283;0.4000000059604645;0.4000000059604645;0.4000000059604645;0.39368000626564026;0.39368000626564026;0.39368000626564026;0.4000000059604645;0.4000000059604645;0.4000000059604645;-30.0;-30.0;-30.0;-29.489425833379553;-29.489425833379553;-29.492998123168945
6;Results_File_5_TOP_6.mat;True;180.24250680579152;180.24250680579152;180.14051261742878;748.9617135677286;748.9617135677287;748.9645385582746;0.5865022103947074;0.5865022103947074;0.5864999213169741;0.12603051470206508;0.12603051470206508;0.12605630099179974;-5.938258474523225;-5.938258474523225;-5.891723690554503;0.14073210532914035;0.14073210532914032;0.1653160491297367;1.3510026360606484;1.3510026360606484;1.3367216472992873;0.3993149995803833;0.3993149995803833;0.3993149995803833;0.4000000059604645;0.4000000059604645;0.4000000059604645;0.3991750180721283;0.3991750180721283;0.3991750180721283;0.4000000059604645;0.4000000059604645;0.4000000059604645;0.39368000626564026;0.39368000626564026;0.39368000626564026;0.4000000059604645;0.4000000059604645;0.4000000059604645;0.0;0.0;0.0;0.2907982378839815;0.2907982378839815;0.2879999876022339
7;Results_File_5_TOP_7.mat;True;180.006697290206;180.00669729020603;180.0184172372022;749.0145673588075;749.0145673588075;749.0181620260312;0.5864608102647995;0.5864608102647995;0.5864579328029516;0.050253987668483206;0.0502539876684832;0.050369172013228714;-4.3675775787948155;-4.367577578794816;-4.2910613071534165;-1.4971672394322655;-1.4971672394322657;-1.4772340676957378;1.3310865728205468;1.3310865728205468;1.2985197605540855;0.3993149995803833;0.3993149995803833;0.3993149995803833;0.4000000059604645;0.4000000059604645;0.4000000059604645;0.3991750180721283;0.3991750180721283;0.3991750180721283;0.4000000059604645;0.4000000059604645;0.4000000059604645;0.39368000626564026;0.39368000626564026;0.39368000626564026;0.4000000059604645;0.4000000059604645;0.4000000059604645;30.0;30.0;30.0;30.519220987848698;30.519220987848698;30.518999099731445
8;Results_File_5_TOP_8.mat;True;180.2649000786385;180.2649000786385;180.1510881384218;783.0118712533468;783.0118712533468;783.0018332433733;0.5609974668652505;0.5609974668652505;0.5610046161886011;0.024372026301565472;0.024372026301565472;0.024497063038617248;-4.1626807266709305;-4.1626807266709305;-4.114043426129188;1.4469783733199015;1.4469783733199015;1.4629354749715846;1.3632665958963006;1.3632665958963006;1.3409412974967292;0.3993149995803833;0.3993149995803833;0.3993149995803833;0.4000000059604645;0.4000000059604645;0.4000000059604645;0.3991750180721283;0.3991750180721283;0.3991750180721283;0.4000000059604645;0.4000000059604645;0.4000000059604645;0.39368000626564026;0.39368000626564026;0.39368000626564026;0.4000000059604645;0.4000000059604645;0.4000000059604645;-30.0;-30.0;-30.0;-29.825935378812492;-29.825935378812492;-29.825998306274414
9;Results_File_5_TOP_9.mat;True;180.37749941486138;180.37749941486135;180.54333664377538;783.0118134146769;783.0118134146769;783.0022527465308;0.5609974999555116;0.5609974999555116;0.5610043156233795;0.1050910017347602;0.1050910017347602;0.10505525990276354;-5.94184176380081;-5.941841763800811;-5.875720119764736;0.120077640336568;0.12007764033656801;0.13490876843854335;1.268366028426763;1.268366028426763;1.2609423449587673;0.3993149995803833;0.3993149995803833;0.3993149995803833;0.4000000059604645;0.4000000059604645;0.4000000059604645;0.3991750180721283;0.3991750180721283;0.3991750180721283;0.4000000059604645;0.4000000059604645;0.4000000059604645;0.39368000626564026;0.39368000626564026;0.39368000626564026;0.4000000059604645;0.4000000059604645;0.4000000059604645;0.0;0.0;0.0;0.2802194605230965;0.2802194605230965;0.2789999842643738
10;Results_File_5_TOP_10.mat;True;180.01526865940096;180.015268659401;179.8762660980229;782.9793449567139;782.9793449567139;782.9823126650936;0.5610207670049686;0.5610207670049686;0.5610186026277866;0.032418725702643425;0.03241872570264343;0.03243212970551321;-4.3616418883729615;-4.3616418883729615;-4.2811738488174065;-1.5157776327793515;-1.5157776327793515;-1.4902525217302256;1.4688939180434595;1.4688939180434595;1.451292982320612;0.3993149995803833;0.3993149995803833;0.3993149995803833;0.4000000059604645;0.4000000059604645;0.4000000059604645;0.3991750180721283;0.3991750180721283;0.3991750180721283;0.4000000059604645;0.4000000059604645;0.4000000059604645;0.39368000626564026;0.39368000626564026;0.39368000626564026;0.4000000059604645;0.4000000059604645;0.4000000059604645;30.0;30.0;30.0;30.514340955327597;30.514340955327594;30.511087048438288
11;Results_File_5_TOP_11.mat;True;180.2879712870003;180.2879712870003;180.38540657361364;708.9849331884353;708.9849331884354;708.9588620678667;0.6195726762657632;0.6195726762657632;0.6195953904185505;0.16984114492432872;0.16984114492432872;0.1698146723965902;-5.616169841330799;-5.616169841330799;-5.59673958313807;2.315938799150979;2.3159387991509788;2.3083822419566444;1.5658418606957796;1.5658418606957796;1.5428038037546479;0.3993149995803833;0.3993149995803833;0.3993149995803833;0.4000000059604645;0.4000000059604645;0.4000000059604645;0.3991750180721283;0.3991750180721283;0.3991750180721283;0.4000000059604645;0.4000000059604645;0.4000000059604645;0.39368000626564026;0.39368000626564026;0.39368000626564026;0.4000000059604645;0.4000000059604645;0.4000000059604645;-30.0;-30.0;-30.0;-28.80438156016411;-28.804381560164114;-28.800579809373424
12;Results_File_5_TOP_12.mat;True;179.60786663232656;179.60786663232656;179.6816406726836;708.9794466859798;708.9794466859798;708.9433130154296;0.6195774619331267;0.6195774619331267;0.6196089798285145;0.27813879615340065;0.27813879615340054;0.2781871216985071;-7.555086910704752;-7.555086910704752;-7.5235747714196375;0.22750623603597733;0.22750623603597733;0.24770857057270265;1.1946782220236614;1.1946782220236614;1.1711357881652997;0.3993149995803833;0.3993149995803833;0.3993149995803833;0.4000000059604645;0.4000000059604645;0.4000000059604645;0.3991750180721283;0.3991750180721283;0.3991750180721283;0.4000000059604645;0.4000000059604645;0.4000000059604645;0.39368000626564026;0.39368000626564026;0.39368000626564026;0.4000000059604645;0.4000000059604645;0.4000000059604645;0.0;0.0;0.0;1.0706760831763968;1.0706760831763968;1.0709999799728394
13;Results_File_5_TOP_13.mat;True;179.79865108520207;179.79865108520207;179.84352756341315;708.9877467521038;708.9877467521038;708.9645894938024;0.6195702031348392;0.6195702031348393;0.6195903849687444;0.17481018800209364;0.17481018800209364;0.17470937641461826;-5.798715314007153;-5.798715314007153;-5.796927252784387;-2.0800929290946097;-2.0800929290946097;-2.0868799557848714;1.107445602742888;1.107445602742888;1.097794005251301;0.3993149995803833;0.3993149995803833;0.3993149995803833;0.4000000059604645;0.4000000059604645;0.4000000059604645;0.3991750180721283;0.3991750180721283;0.3991750180721283;0.4000000059604645;0.4000000059604645;0.4000000059604645;0.39368000626564026;0.39368000626564026;0.39368000626564026;0.4000000059604645;0.4000000059604645;0.4000000059604645;30.0;30.0;30.0;30.46888468157548;30.46888468157548;30.46549725051849
14;Results_File_5_TOP_14.mat;True;180.29090036625072;180.2909003662507;180.15826578140224;751.9858904612145;751.9858904612144;751.9590245552345;0.5841436306558773;0.5841436306558773;0.5841643342115058;0.1355078854813375;0.1355078854813375;0.1354842070607677;-5.512953753415615;-5.512953753415615;-5.49270962130643;2.3014109835939847;2.3014109835939847;2.3142585639030933;1.3331468725880158;1.3331468725880158;1.333504838348976;0.3993149995803833;0.3993149995803833;0.3993149995803833;0.4000000059604645;0.4000000059604645;0.4000000059604645;0.3991750180721283;0.3991750180721283;0.3991750180721283;0.4000000059604645;0.4000000059604645;0.4000000059604645;0.39368000626564026;0.39368000626564026;0.39368000626564026;0.4000000059604645;0.4000000059604645;0.4000000059604645;-30.0;-30.0;-30.0;-29.793589652897847;-29.793589652897847;-29.78999900817871
15;Results_File_5_TOP_15.mat;True;180.25203709046258;180.25203709046258;180.2576311786973;752.0368830125276;752.0368830125276;752.0313089255783;0.5841040063057454;0.5841040063057454;0.5841081850185348;0.24821620176740652;0.24821620176740652;0.24815323039762227;-7.675284833523836;-7.675284833523836;-7.651629536382673;0.24195124517351213;0.24195124517351213;0.2684463243329771;1.2941308687522515;1.2941308687522515;1.3054701036639824;0.3993149995803833;0.3993149995803833;0.3993149995803833;0.4000000059604645;0.4000000059604645;0.4000000059604645;0.3991750180721283;0.3991750180721283;0.3991750180721283;0.4000000059604645;0.4000000059604645;0.4000000059604645;0.39368000626564026;0.39368000626564026;0.39368000626564026;0.4000000059604645;0.4000000059604645;0.4000000059604645;0.0;0.0;0.0;0.5479829478026143;0.5479829478026143;0.5489999651908875
16;Results_File_5_TOP_16.mat;True;179.75910663294408;179.75910663294408;179.57034476598128;752.0209967650657;752.0209967650657;751.9976439420013;0.5841163613513362;0.5841163613513362;0.5841343340265996;0.14565836354371553;0.14565836354371553;0.14561584434973807;-5.817885206021188;-5.817885206021188;-5.810794264198316;-2.1175521723171387;-2.1175521723171387;-2.0839641466136007;1.804744775896751;1.804744775896751;1.7908303943061599;0.3993149995803833;0.3993149995803833;0.3993149995803833;0.4000000059604645;0.4000000059604645;0.4000000059604645;0.3991750180721283;0.3991750180721283;0.3991750180721283;0.4000000059604645;0.4000000059604645;0.4000000059604645;0.39368000626564026;0.39368000626564026;0.39368000626564026;0.4000000059604645;0.4000000059604645;0.4000000059604645;30.0;30.0;30.0;30.46029063513947;30.46029063513947;30.463855122366258
17;Results_File_5_TOP_17.mat;True;179.74581047444357;179.74581047444357;179.7824318865933;797.9845368464178;797.9845368464177;797.9804283272888;0.5504714221666299;0.5504714221666299;0.5504742063094596;0.10875919301057187;0.10875919301057187;0.10872707021446512;-5.554925294481578;-5.554925294481578;-5.516713480795596;2.2744019698185483;2.2744019698185483;2.2936134722925;1.0915399046164493;1.0915399046164493;1.094032341832603;0.3993149995803833;0.3993149995803833;0.3993149995803833;0.4000000059604645;0.4000000059604645;0.4000000059604645;0.3991750180721283;0.3991750180721283;0.3991750180721283;0.4000000059604645;0.4000000059604645;0.4000000059604645;0.39368000626564026;0.39368000626564026;0.39368000626564026;0.4000000059604645;0.4000000059604645;0.4000000059604645;-30.0;-30.0;-30.0;-29.693941288764915;-29.69394128876492;-29.690998077392578
18;Results_File_5_TOP_18.mat;True;179.94581097369;179.94581097369;179.9022010962168;797.9805343562707;797.9805343562707;797.9871512237955;0.5504741844862188;0.5504741844862188;0.5504695686640813;0.2180802865487092;0.2180802865487092;0.21807311549700448;-7.741343202706746;-7.741343202706746;-7.678113915026168;0.24293513477626508;0.24293513477626505;0.23803468865733615;0.9881837513494998;0.9881837513494998;1.004572784983078;0.3993149995803833;0.3993149995803833;0.3993149995803833;0.4000000059604645;0.4000000059604645;0.4000000059604645;0.3991750180721283;0.3991750180721283;0.3991750180721283;0.4000000059604645;0.4000000059604645;0.4000000059604645;0.39368000626564026;0.39368000626564026;0.39368000626564026;0.4000000059604645;0.4000000059604645;0.4000000059604645;0.0;0.0;0.0;0.32132723343015834;0.32132723343015834;0.3240000009536743
19;Results_File_5_TOP_19.mat;True;179.98877656574058;179.98877656574058;179.82381257812222;798.0038412730305;798.0038412730305;798.0028262842367;0.5504581007927425;0.5504581007927425;0.550458755865572;0.12001039991784143;0.12001039991784142;0.12004503085275539;-5.814649117212081;-5.814649117212082;-5.7754710619487435;-2.1544538712834402;-2.1544538712834402;-2.14580675815386;1.0271543022034246;1.0271543022034246;1.0022746521369306;0.3993149995803833;0.3993149995803833;0.3993149995803833;0.4000000059604645;0.4000000059604645;0.4000000059604645;0.3991750180721283;0.3991750180721283;0.3991750180721283;0.4000000059604645;0.4000000059604645;0.4000000059604645;0.39368000626564026;0.39368000626564026;0.39368000626564026;0.4000000059604645;0.4000000059604645;0.4000000059604645;30.0;30.0;30.0;30.464700215131046;30.464700215131046;30.464998245239258
20;Results_File_5_TOP_20.mat;True;179.86710581766377;179.86710581766377;179.77295615077037;708.0019383098227;708.0019383098227;708.0277208529628;0.620432887499253;0.620432887499253;0.6204102325322015;0.2747801431113046;0.27478014311130466;0.2747012163538709;-6.708384480820596;-6.708384480820596;-6.660598011935703;2.9783523848651603;2.9783523848651594;3.012598121166261;1.1770504743452952;1.1770504743452952;1.170487857803384;0.3993149995803833;0.3993149995803833;0.3993149995803833;0.4000000059604645;0.4000000059604645;0.4000000059604645;0.3991750180721283;0.3991750180721283;0.3991750180721283;0.4000000059604645;0.4000000059604645;0.4000000059604645;0.39368000626564026;0.39368000626564026;0.39368000626564026;0.4000000059604645;0.4000000059604645;0.4000000059604645;-30.0;-30.0;-30.0;-28.743099778307478;-28.743099778307478;-28.74599838256836
21;Results_File_5_TOP_21.mat;True;179.87150265209686;179.87150265209686;180.43496769666734;707.9697764774654;707.9697764774654;708.0034675445199;0.6204610604225775;0.6204610604225776;0.620431485254037;0.40542045171776897;0.40542045171776897;0.40540597007386425;-8.783384225357821;-8.783384225357821;-8.746870255470274;0.3405068462769191;0.340506846276919;0.36001309901477196;1.2192683394814963;1.2192683394814963;1.2011168796022078;0.3993149995803833;0.3993149995803833;0.3993149995803833;0.4000000059604645;0.4000000059604645;0.4000000059604645;0.3991750180721283;0.3991750180721283;0.3991750180721283;0.4000000059604645;0.4000000059604645;0.4000000059604645;0.39368000626564026;0.39368000626564026;0.39368000626564026;0.4000000059604645;0.4000000059604645;0.4000000059604645;0.0;0.0;0.0;1.1230657153787091;1.1230657153787091;1.125
22;Results_File_5_TOP_22.mat;True;179.6932093535067;179.6932093535067;179.93000739216785;707.9742539346461;707.9742539346461;707.9917563953225;0.6204571432675589;0.6204571432675589;0.6204417480369089;0.27866173928639953;0.27866173928639953;0.27865604467484145;-6.9026019839584825;-6.9026019839584825;-6.884408088400952;-2.51343020649689;-2.51343020649689;-2.5300017607708183;1.2576402791373789;1.2576402791373789;1.2454649491317396;0.3993149995803833;0.3993149995803833;0.3993149995803833;0.4000000059604645;0.4000000059604645;0.4000000059604645;0.3991750180721283;0.3991750180721283;0.3991750180721283;0.4000000059604645;0.4000000059604645;0.4000000059604645;0.39368000626564026;0.39368000626564026;0.39368000626564026;0.4000000059604645;0.4000000059604645;0.4000000059604645;30.0;30.0;30.0;30.48462570878019;30.484625708780186;30.48299789428711
23;Results_File_5_TOP_23.mat;True;180.32922628715644;180.32922628715644;180.7466419458383;747.0002706361626;747.0002706361627;747.0187408236199;0.5880422003804526;0.5880422003804526;0.5880276075126603;0.24240755477357032;0.2424075547735703;0.24240080614865395;-6.703997356897218;-6.70399735689722;-6.648391848802575;3.0185490841458242;3.0185490841458242;3.043657208792898;1.1979768742984256;1.1979768742984256;1.1796585988164905;0.3993149995803833;0.3993149995803833;0.3993149995803833;0.4000000059604645;0.4000000059604645;0.4000000059604645;0.3991750180721283;0.3991750180721283;0.3991750180721283;0.4000000059604645;0.4000000059604645;0.4000000059604645;0.39368000626564026;0.39368000626564026;0.39368000626564026;0.4000000059604645;0.4000000059604645;0.4000000059604645;-30.0;-30.0;-30.0;-29.612401985788345;-29.612401985788345;-29.60999870300293
24;Results_File_5_TOP_24.mat;True;179.88709634301674;179.88709634301674;183.02448472976613;747.0132995092222;747.0132995092222;747.0421023640604;0.5880319355591371;0.588031935559137;0.5880092186820073;0.3778344955950911;0.3778344955950911;0.3779004068563826;-9.01247918889274;-9.012479188892742;-8.962877225130818;0.41231409402148134;0.41231409402148134;0.45193239450454525;1.2178534046778078;1.2178534046778076;1.198196760144604;0.3993149995803833;0.3993149995803833;0.3993149995803833;0.4000000059604645;0.4000000059604645;0.4000000059604645;0.3991750180721283;0.3991750180721283;0.3991750180721283;0.4000000059604645;0.4000000059604645;0.4000000059604645;0.39368000626564026;0.39368000626564026;0.39368000626564026;0.4000000059604645;0.4000000059604645;0.4000000059604645;0.0;0.0;0.0;0.26999998092651367;0.26999998092651367;0.26999998092651367
25;Results_File_5_TOP_25.mat;True;179.63650654983533;179.63650654983533;179.6463440418244;747.0387890938381;747.038789093838;747.0520184610916;0.588011858514197;0.588011858514197;0.5880014136612861;0.25340846534949635;0.25340846534949635;0.25343958479324213;-7.021961646575233;-7.021961646575233;-7.0297627262771325;-2.599412650414433;-2.599412650414433;-2.5789938122033913;1.2383044673810595;1.2383044673810595;1.2211514616481889;0.3993149995803833;0.3993149995803833;0.3993149995803833;0.4000000059604645;0.4000000059604645;0.4000000059604645;0.3991750180721283;0.3991750180721283;0.3991750180721283;0.4000000059604645;0.4000000059604645;0.4000000059604645;0.39368000626564026;0.39368000626564026;0.39368000626564026;0.4000000059604645;0.4000000059604645;0.4000000059604645;30.0;30.0;30.0;30.45848932102372;30.45848932102372;30.457264974713326
26;Results_File_5_TOP_26.mat;True;180.24028495777264;180.24028495777264;180.43012515902538;787.9863896264843;787.9863896264843;787.9546737429679;0.557455903096334;0.5574559030963339;0.5574783138819593;0.2147748892512782;0.21477488925127816;0.21466660865980083;-6.791638890551653;-6.791638890551652;-6.755371689796442;3.021757460889158;3.0217574608891584;3.033142387866956;1.2062476049008877;1.2062476049008877;1.1692708708565307;0.3993149995803833;0.3993149995803833;0.3993149995803833;0.4000000059604645;0.4000000059604645;0.4000000059604645;0.3991750180721283;0.3991750180721283;0.3991750180721283;0.4000000059604645;0.4000000059604645;0.4000000059604645;0.39368000626564026;0.39368000626564026;0.39368000626564026;0.4000000059604645;0.4000000059604645;0.4000000059604645;-30.0;-30.0;-30.0;-29.520358876881005;-29.520358876881005;-29.51999855041504
27;Results_File_5_TOP_27.mat;True;180.26422351660142;180.26422351660142;180.34429212808575;787.9920074558632;787.9920074558634;787.965227744476;0.5574519236872771;0.557451923687277;0.5574708470207796;0.34663213145699895;0.34663213145699895;0.34662865047248503;-9.1926439574187;-9.1926439574187;-9.14808817729352;0.3807516958127419;0.3807516958127418;0.41106784343715663;1.2106688316942207;1.2106688316942205;1.1866334119766573;0.3993149995803833;0.3993149995803833;0.3993149995803833;0.4000000059604645;0.4000000059604645;0.4000000059604645;0.3991750180721283;0.3991750180721283;0.3991750180721283;0.4000000059604645;0.4000000059604645;0.4000000059604645;0.39368000626564026;0.39368000626564026;0.39368000626564026;0.4000000059604645;0.4000000059604645;0.4000000059604645;0.0;0.0;0.0;0.2765242614711945;0.2765242614711946;0.2789999842643738
28;Results_File_5_TOP_28.mat;True;179.97956322370183;179.97956322370183;180.04380337595867;788.0192605453624;788.0192605453625;788.0290964919379;0.557432650362634;0.557432650362634;0.5574256647237026;0.226235675215956;0.226235675215956;0.22619737762160852;-7.102609303658207;-7.102609303658207;-7.076053261136011;-2.680125660167758;-2.6801256601677586;-2.653268432617185;1.2232653727421174;1.2232653727421174;1.1901800968725662;0.3993149995803833;0.3993149995803833;0.3993149995803833;0.4000000059604645;0.4000000059604645;0.4000000059604645;0.3991750180721283;0.3991750180721283;0.3991750180721283;0.4000000059604645;0.4000000059604645;0.4000000059604645;0.39368000626564026;0.39368000626564026;0.39368000626564026;0.4000000059604645;0.4000000059604645;0.4000000059604645;30.0;30.0;30.0;30.41669228306562;30.41669228306562;30.419344344735144
29;Results_File_5_TOP_29.mat;True;180.02998859363208;180.02998859363208;179.60223675966296;692.0303117503194;692.0303117503194;692.01214722656;0.6347520890997764;0.6347520890997764;0.6347686882291494;0.4064333342534454;0.40643333425344547;0.40656907864190384;-7.683699218361204;-7.683699218361204;-7.577188611030463;3.6001816833843794;3.6001816833843794;3.6850781487301267;1.1174491229424;1.1174491229424;1.1200436898664923;0.3993149995803833;0.3993149995803833;0.3993149995803833;0.4000000059604645;0.4000000059604645;0.4000000059604645;0.3991750180721283;0.3991750180721283;0.3991750180721283;0.4000000059604645;0.4000000059604645;0.4000000059604645;0.39368000626564026;0.39368000626564026;0.39368000626564026;0.4000000059604645;0.4000000059604645;0.4000000059604645;-30.0;-30.0;-30.0;-28.718997955322266;-28.718997955322266;-28.718997955322266
30;Results_File_5_TOP_30.mat;True;180.05929858374606;180.05929858374603;180.02647765278846;692.0300222187133;692.0300222187133;691.9980185922172;0.6347523724029077;0.6347523724029077;0.6347816484030826;0.568406744761833;0.568406744761833;0.568310985472579;-9.975280761884402;-9.9752807618844;-9.973364051431329;0.5054300220141807;0.5054300220141807;0.4955577433110083;1.2195594247207473;1.2195594247207473;1.2043940303379055;0.3993149995803833;0.3993149995803833;0.3993149995803833;0.4000000059604645;0.4000000059604645;0.4000000059604645;0.3991750180721283;0.3991750180721283;0.3991750180721283;0.4000000059604645;0.4000000059604645;0.4000000059604645;0.39368000626564026;0.39368000626564026;0.39368000626564026;0.4000000059604645;0.4000000059604645;0.4000000059604645;0.0;0.0;0.0;1.056654027796071;1.0566540277960712;1.0529999732971191
31;Results_File_5_TOP_31.mat;True;180.02814484095586;180.02814484095586;179.99312036633472;692.0002772661171;692.0002772661171;692.0169931875264;0.6347796385862648;0.6347796385862648;0.6347642431586953;0.40943427726560133;0.40943427726560133;0.40943688843498965;-7.901922045930351;-7.901922045930351;-7.790587635710765;-2.8369474796053025;-2.8369474796053025;-2.8044931553303742;1.3178701036091178;1.3178701036091178;1.3049171475348476;0.3993149995803833;0.3993149995803833;0.3993149995803833;0.4000000059604645;0.4000000059604645;0.4000000059604645;0.3991750180721283;0.3991750180721283;0.3991750180721283;0.4000000059604645;0.4000000059604645;0.4000000059604645;0.39368000626564026;0.39368000626564026;0.39368000626564026;0.4000000059604645;0.4000000059604645;0.4000000059604645;30.0;30.0;30.0;30.48353812528551;30.48353812528551;30.48299789428711
